{"files":{"build":"1597723549383.3403","node_modules":"1597723112210.6868","public\\media":"1597722849255.295","src\\_metronic\\_assets":"1597722839103.4583","yarn-error.log":"1597631219323.1301","yarn.lock":"1597632421886.5686",".env":"7d910f1484c5e4c8a96b4a1a61f8a305a5e1ea54",".gitignore":"e3e8617fa803ac15101e5f91c449d5abda6dcb15","README.md":"911332391263f8107fdb9a1326c7e324f63fdfbb","package.json":"1661892f8827987ea32586e564aebe7fbdd564fc","public\\css\\splash-screen.css":"213fd43fbdad4a6ce420ac33c117cb29e5538563","public\\index.html":"231ecb8481183a339645c8f096a8d37ded136aca","serve.json":"d46b68c832c45c6dbad804ae15968ac7d92249fa","src\\.eslintrc.js":"8e7b5ba1d6bec79dcce7e4da149bae0b778ac887","src\\_metronic\\_helpers\\AssetsHelpers.js":"a3d462f6af1ba1f9ecc5c14beeabc29d67f1c858","src\\_metronic\\_helpers\\LocalStorageHelpers.js":"723fa5587f29bf4213003b14ebd3630705fe3e0e","src\\_metronic\\_helpers\\RouterHelpers.js":"6950327cc098684c643574a8f9b717ef3f38e702","src\\_metronic\\_helpers\\TablePaginationHelpers.js":"9daa358bae1207169066734cc513d348a171fe02","src\\_metronic\\_helpers\\TableRowSelectionHelpers.js":"3cee09acc69f606042e7237cbcb18f615d205591","src\\_metronic\\_helpers\\TableSortingHelpers.js":"10b39369a749e5f8e886ea1a721f6103367a5d77","src\\_metronic\\_helpers\\index.js":"b6df2cffc628d4473589610cf8b181c6ad43e01e","src\\_metronic\\_partials\\builder\\Builder.js":"3efb73c5152db6a9100681ee43195dccf5b624f7","src\\_metronic\\_partials\\controls\\AnimateLoading.js":"44f82038ec1fccfc945260c8c7c5ed1d5723800e","src\\_metronic\\_partials\\controls\\Card.js":"b68bd7f5fe548406128aead780da84788f275f0b","src\\_metronic\\_partials\\controls\\LoadingDialog.js":"8cd2fe69c0eb40fc1fc7cb7604b64b122737ac95","src\\_metronic\\_partials\\controls\\ModalProgressBar.js":"968667512bf8584a786f4a7cf317f2cea8c36b56","src\\_metronic\\_partials\\controls\\Notice.js":"9030a33934af3ab71864438041569a3cdfee51d7","src\\_metronic\\_partials\\controls\\SVGIcon.js":"53c8d6de0e533a9fa869709ddce29bc689a5af29","src\\_metronic\\_partials\\controls\\SplashScreen.js":"ec9a9cce063ec58c24d909cbeb4f1d6a8fce5160","src\\_metronic\\_partials\\controls\\code-examples-kt\\KTCodeBlock.js":"d85897da29e3b400e8653c037065d3d5c5e45bb6","src\\_metronic\\_partials\\controls\\code-examples-kt\\KTCodeExample.js":"de362ba8505a6e27664dbdf7a231f1f680da8dd0","src\\_metronic\\_partials\\controls\\code-examples\\CodeBlock.js":"5911b448f5c6ba610078f1fa7158182bae9d6acd","src\\_metronic\\_partials\\controls\\code-examples\\CodeBlockToolbar.js":"4439a66ec6a2aa6372e140cc97f3e7443d793f73","src\\_metronic\\_partials\\controls\\code-examples\\CodeExample.js":"6955c5be00d40d288fc1c141ffd149eafe8f783e","src\\_metronic\\_partials\\controls\\code-examples\\CodeExampleSimple.js":"f3e902a02f88f613622dd9ca47e799ea49d28374","src\\_metronic\\_partials\\controls\\forms\\Checkbox.js":"49cd99eebe8a929bf20af4af206265c6a838c3e7","src\\_metronic\\_partials\\controls\\forms\\DatePickerField.js":"e2e70fd1907e15f19e005d82f39ab6e0034fd78d","src\\_metronic\\_partials\\controls\\forms\\FieldFeedbackLabel.js":"573daf4483d49885a1ee02b40ee137b5f49d287f","src\\_metronic\\_partials\\controls\\forms\\FormAlert.js":"6175abcd045c5029bd311b7f051986ba1fc0e7fc","src\\_metronic\\_partials\\controls\\forms\\HeaderCheckbox.js":"c27377413f384615b3914a20b72d06b61d006f87","src\\_metronic\\_partials\\controls\\forms\\Input.js":"c8ea5861533755830307f54c06fe8cac8720b028","src\\_metronic\\_partials\\controls\\forms\\Select.js":"e3a2acdcd11a590c415e55ec84f7a97e8eaa3258","src\\_metronic\\_partials\\controls\\index.js":"724b6de89cec5bd190b4e46b422f81c88029d811","src\\_metronic\\_partials\\controls\\pagination\\Pagination.js":"86aaa2a4e70d9b57586d0fc21c964341156796db","src\\_metronic\\_partials\\controls\\pagination\\PaginationLinks.js":"1edf639925ce34e5fffb0c30e4135734f3ce99fb","src\\_metronic\\_partials\\controls\\pagination\\PaginationToolbar.js":"429ed49c9dca40743901b165c60d40050a047877","src\\_metronic\\_partials\\dashboards\\Dashboard.js":"13c0c20d95553f5762f500b6d860f46f88232879","src\\_metronic\\_partials\\dashboards\\Demo1Dashboard.js":"1dcad96bbd9a64cf73317a5812d2c4988729f9f3","src\\_metronic\\_partials\\dashboards\\Demo2Dashboard.js":"7ad0c0aa88ea7c198d0b4237bdbfabbbeddedd70","src\\_metronic\\_partials\\dashboards\\Demo3Dashboard.js":"1cb8f2659dd4f7be7246ee4f8a1835ccd1af5cda","src\\_metronic\\_partials\\dashboards\\Demo4Dashboard.js":"b8c4e947819de44173a3683ab95b97e22144ae32","src\\_metronic\\_partials\\dashboards\\Demo5Dashboard.js":"2b7325cb15337104273a0860b5df0edd62199f4d","src\\_metronic\\_partials\\dashboards\\Demo6Dashboard.js":"0dea8635dfe44731be30485febeacb1d51089feb","src\\_metronic\\_partials\\dashboards\\Demo7Dashboard.js":"3be64ead6ec8d9662585507d265e4c156cf7ed2a","src\\_metronic\\_partials\\dropdowns\\DropdownCustomToggler.js":"fbd71552d27a5885816117618d54cc8337f4890c","src\\_metronic\\_partials\\dropdowns\\DropdownMenu1.js":"effddbb3b304657178672e3eb09e9f5d6d69d1dd","src\\_metronic\\_partials\\dropdowns\\DropdownMenu2.js":"02e2dbc81a4f96f3195d0be6eb4a1f305a42dbc6","src\\_metronic\\_partials\\dropdowns\\DropdownMenu3.js":"e1828b5137f4333b8ab998e85f97d2b51c7e1b60","src\\_metronic\\_partials\\dropdowns\\DropdownMenu4.js":"e5b67e981f3a2e1e29cac9f718fe6e17458fddd6","src\\_metronic\\_partials\\dropdowns\\DropdownTopbarItemToggler.js":"c10418a3b6253aec7417e03616c8d5701b78504b","src\\_metronic\\_partials\\dropdowns\\index.js":"19617feb583dac12e2b454eded6680be656eaac3","src\\_metronic\\_partials\\index.js":"5b75a8ba172f22a730a7403af34da365ff7f788a","src\\_metronic\\_partials\\widgets\\advance-tables\\AdvanceTablesWidget2.js":"7525c2a6e17af6acec2a632a718ca0643ead3fb5","src\\_metronic\\_partials\\widgets\\advance-tables\\AdvanceTablesWidget4.js":"117158e4bcde692cebce2ba7e0bdc9816d8e3b82","src\\_metronic\\_partials\\widgets\\index.js":"c321579a3a2da39f499d4a53b1ba4c0b3fd85d51","src\\_metronic\\_partials\\widgets\\lists\\ListsWidget1.js":"640b9ff5c98c10ea7d2710853c57b27fc32fc261","src\\_metronic\\_partials\\widgets\\lists\\ListsWidget3.js":"803a44aee6dc880d1d5a185585ffb9dc4a1bfe80","src\\_metronic\\_partials\\widgets\\lists\\ListsWidget4.js":"9dd7aa6e88a7795b3775da43423f1ef9f8e7a2c5","src\\_metronic\\_partials\\widgets\\lists\\ListsWidget8.js":"da9f8cf3983b05c57e056b79a95b2a947784b796","src\\_metronic\\_partials\\widgets\\lists\\ListsWidget9.js":"af88b6168c0b16467a1af72c8655bb6604236f2a","src\\_metronic\\_partials\\widgets\\mixed\\MixedWidget1.js":"6da46dadfb067363e854d80e9d28cf034073d316","src\\_metronic\\_partials\\widgets\\mixed\\MixedWidget14.js":"0fa0abe3942b34124c9514c2437f9078fc17979f","src\\_metronic\\_partials\\widgets\\stats\\StatsWidget11.js":"a3b5c8acc48a84341c3ae22bf3a418dce6efb422","src\\_metronic\\_partials\\widgets\\stats\\StatsWidget12.js":"8788d44b1c2b404beac91cdecda082b08a36864b","src\\_metronic\\i18n\\I18nProvider.js":"e99d2090b16d3c3f03983ada5b0b74246cc7e81a","src\\_metronic\\i18n\\Metronici18n.js":"bd19bc5d0e7242e3021989f8cb975033c5b847d1","src\\_metronic\\i18n\\index.js":"554876803682ec75a561d72c41285be6fdb4501c","src\\_metronic\\i18n\\messages\\de.json":"37ba3ce94e831642f9494f79bcb561b643c0fd99","src\\_metronic\\i18n\\messages\\en.json":"1835e12cf9654c8f6415a184916953a18b0d1dc6","src\\_metronic\\i18n\\messages\\es.json":"b2d36931c5bd4fd6ae30942e6e849a014fa27abd","src\\_metronic\\i18n\\messages\\fr.json":"accb3f3990b0a2b1b50e9ce7ae34e5644359c890","src\\_metronic\\i18n\\messages\\ja.json":"0f3c39581a53d44c907028d0f2568fdc6d9b8e34","src\\_metronic\\i18n\\messages\\zh.json":"1389d5c4ded979ae07ab73ebfb1294842cc37c92","src\\_metronic\\layout\\_core\\HTMLClassService.js":"2f1ff2b7c5b5d3ba45d34c0fb73c02e848f7e0a9","src\\_metronic\\layout\\_core\\LayoutConfig.js":"ec4d38cd48f2b984d3ba0800178a81ff49c394f6","src\\_metronic\\layout\\_core\\MaterialThemeProvider.js":"0c8aa375165a18b6b391e9dd5fa0b36ce48f60ef","src\\_metronic\\layout\\_core\\MetronicLayout.js":"bdcd98e1016c436647d37520a4b5d114f8505880","src\\_metronic\\layout\\_core\\MetronicSplashScreen.js":"41d05329e70d5efdb95c3387787be584fc075a7d","src\\_metronic\\layout\\_core\\MetronicSubheader.js":"ed600a59afa0d39e55f4013eb5efd46e3ca45042","src\\_metronic\\layout\\components\\Layout.js":"4e156f7485308ed39e6653936700c22196e0ded7","src\\_metronic\\layout\\components\\LayoutInit.js":"ebdc074ef393ff1ddc66ab4f5cf749d93132abbf","src\\_metronic\\layout\\components\\aside\\Aside.js":"8c0aef6e26da9d1135ed856ffda5bc5a7cf5ee27","src\\_metronic\\layout\\components\\aside\\aside-menu\\AsideMenu.js":"22c38e11ff2cd11d37860a91bfa3b00ce7ecab05","src\\_metronic\\layout\\components\\aside\\aside-menu\\AsideMenuList.js":"2f5e1aa78de1bd58d1fa69c579c28d2ab19b8252","src\\_metronic\\layout\\components\\brand\\Brand.js":"9c8b8236df861919494e9b11c94472d978973c20","src\\_metronic\\layout\\components\\content\\Content.js":"ecac3ad65f49c76b2b8eb451c6420d13b7ca020f","src\\_metronic\\layout\\components\\content\\ContentRoute.js":"c684c813793f0d777ba363c395bca1d9cdb36175","src\\_metronic\\layout\\components\\extras\\QuiclUserToggler.js":"e2cee181e417315416b9b9d397dbe8d289ed47e3","src\\_metronic\\layout\\components\\extras\\ScrollTop.js":"09d9402a24494a0d1fae426f251aa42317c337b7","src\\_metronic\\layout\\components\\extras\\StickyToolbar.js":"b35a7a327c2e98ec5374872581f663acbaa62def","src\\_metronic\\layout\\components\\extras\\dropdowns\\LanguageSelectorDropdown.js":"89001146234ffb08d64ec13d92956355aa6a5cb1","src\\_metronic\\layout\\components\\extras\\dropdowns\\MyCartDropdown.js":"ae4fb19c85621bbdbebc9f25c3f3fe52ec249821","src\\_metronic\\layout\\components\\extras\\dropdowns\\QuickActionsDropdown.js":"d85bc4871e5accffa59be36c2912d6d9cd32b41e","src\\_metronic\\layout\\components\\extras\\dropdowns\\UserNotificationsDropdown.js":"7baa85207458d135b4dfe4cb4c1cc281d5a3533f","src\\_metronic\\layout\\components\\extras\\dropdowns\\UserProfileDropdown.js":"7f67107c122d51dbb7338ca5d75f9c0f01c0008f","src\\_metronic\\layout\\components\\extras\\dropdowns\\search\\SearchDropdown.js":"4b751aa3d7efa66e7baa25a2f9245a6b4d1b0b8f","src\\_metronic\\layout\\components\\extras\\dropdowns\\search\\SearchResult.js":"e15ca87eed9ee4d5aac7acf1e2d1591ca212e0be","src\\_metronic\\layout\\components\\extras\\offcanvas\\QuickPanel.js":"5e5e936f3abec4fbe4509b1e4d7d4faa639db262","src\\_metronic\\layout\\components\\extras\\offcanvas\\QuickUser.js":"c28ef1a4c0f3bef135e85b923b11bca7b1491d98","src\\_metronic\\layout\\components\\footer\\Footer.js":"7ad5c16461591db75469df238971652c08eed65b","src\\_metronic\\layout\\components\\header-mobile\\HeaderMobile.js":"1b6d1ba36c123898e482e47cb4ff390512ed2b86","src\\_metronic\\layout\\components\\header\\Header.js":"712ccb817e07384869bc86a19275c2e40c650c4f","src\\_metronic\\layout\\components\\header\\Topbar.js":"521ae25919f9e022981e90e0be4fb2ced16031e8","src\\_metronic\\layout\\components\\header\\header-menu\\HeaderMenu.js":"f21d8b33da646848079a73f42e69f83ee1788eee","src\\_metronic\\layout\\components\\header\\header-menu\\HeaderMenuWrapper.js":"2cf8b548ae150ffef4e194f079796d0ca84b904e","src\\_metronic\\layout\\components\\subheader\\SubHeader.js":"b6cfcd7e040d5c187d14afeb33afcce7f8ac1260","src\\_metronic\\layout\\components\\subheader\\components\\BreadCrumbs.js":"b8a7d8d2970464f816abf78d2358d4d963097972","src\\_metronic\\layout\\components\\subheader\\components\\QuickActions.js":"8a7b94bc994f2729a0a1567e4650ef1d565a7461","src\\_metronic\\layout\\index.js":"0a240c31cf7167de487d978c2ac60a9f69561777","src\\app\\App.js":"9c2dc1b3adae91f8ee8ba8c420fd881060f1e526","src\\app\\BasePage.js":"32818458849c1eceba2a9e6bd4c185fa676c4b2c","src\\app\\Routes.js":"0cde311eec85bdba7bc95c5b0187e5b5bda3c1e3","src\\app\\modules\\Auth\\__mocks__\\mockAuth.js":"b7c129a875d90b4c0ecb36063e4f4c7748403d24","src\\app\\modules\\Auth\\__mocks__\\userTableMock.js":"f7d1a5569c21be7ddb61fbdbc39343fe5705fead","src\\app\\modules\\Auth\\_redux\\authCrud.js":"76c3fea002541151d809ea01f9820e13d3565978","src\\app\\modules\\Auth\\_redux\\authRedux.js":"89941fb2d0d57876d8dc84a4354d7865a7ff9d8f","src\\app\\modules\\Auth\\index.js":"4e6a3158b663e78ecc41b1965cb539024c2d98a6","src\\app\\modules\\Auth\\pages\\AuthPage.js":"af1324828e76c6fbbadcf71bb8dfacc6d7f95be4","src\\app\\modules\\Auth\\pages\\ForgotPassword.js":"d423499950ee55092fbed9d5a4932bed149d02f4","src\\app\\modules\\Auth\\pages\\Login.js":"8891dbd694656023a253cd70244989f6ef5f9557","src\\app\\modules\\Auth\\pages\\Logout.js":"80817328ba39ad9a389fde5104dedbdb180e65aa","src\\app\\modules\\Auth\\pages\\Registration.js":"a283ec8274ad652f5e2d04ebc251b165ffef5ce0","src\\app\\modules\\ECommerce\\__mocks__\\carTableMock.js":"9c57bb759487a9657455b9febeda0155b9440090","src\\app\\modules\\ECommerce\\__mocks__\\customerTableMock.js":"16fb33348fe61632f1ee6c6fe7ad306d013e247b","src\\app\\modules\\ECommerce\\__mocks__\\mock.utils.js":"65acd3effb87699edfbd0dc38e0cb8710ad4cf34","src\\app\\modules\\ECommerce\\__mocks__\\mockCustomer.js":"4d8eb5425451d504f40df0f0bb3d3b9b498fa820","src\\app\\modules\\ECommerce\\__mocks__\\mockProduct.js":"521e5c83eacf39969861f846747fef674409ef4c","src\\app\\modules\\ECommerce\\__mocks__\\mockRemark.js":"3f3178eb7c4bd95e3c931d5f0efdbd0af87bba9c","src\\app\\modules\\ECommerce\\__mocks__\\mockSpecification.js":"e50f455f313ac34eb725adcff707ea82332ee787","src\\app\\modules\\ECommerce\\__mocks__\\orderTableMock.js":"fe351df0da9e6414a0498773f85e3cf500ec4bd3","src\\app\\modules\\ECommerce\\__mocks__\\remarkTableMock.js":"097abef386eb5bc775c9bf95b63ed518e6855a0a","src\\app\\modules\\ECommerce\\__mocks__\\specificationTableMock.js":"0466421a5cee8f60b975ad5580d9b74925c52fa4","src\\app\\modules\\ECommerce\\_redux\\customers\\customersActions.js":"bc3bbf460398618d78e0450e1ddcf9ee8b8c0ac3","src\\app\\modules\\ECommerce\\_redux\\customers\\customersCrud.js":"4824b0e3851ab0b575b4baca9970b9d23031b6f8","src\\app\\modules\\ECommerce\\_redux\\customers\\customersSlice.js":"dd2637426b00f491a3b2123d20544ed5dc195cda","src\\app\\modules\\ECommerce\\_redux\\products\\productsActions.js":"7bd0d8ff48705a6c5106d45305393e4e66dd6770","src\\app\\modules\\ECommerce\\_redux\\products\\productsCrud.js":"65d77c190e5059bc34b91ae46865c151bf5301f8","src\\app\\modules\\ECommerce\\_redux\\products\\productsSlice.js":"5961d77b747e4c5d2e17ff767e452f721f804491","src\\app\\modules\\ECommerce\\_redux\\remarks\\remarksActions.js":"f7c2199d38394d31fb61d1e8fd388520b8ea7484","src\\app\\modules\\ECommerce\\_redux\\remarks\\remarksCrud.js":"435ddb5c397a938ba6f0da32e6a7b2acf0c8c4fd","src\\app\\modules\\ECommerce\\_redux\\remarks\\remarksSlice.js":"d826de78f11830126e617c23a505b43eb4eb3feb","src\\app\\modules\\ECommerce\\_redux\\specifications\\specificationsActions.js":"7dfb55028406d532d8b0b089ad8469aa3ed842b5","src\\app\\modules\\ECommerce\\_redux\\specifications\\specificationsCrud.js":"29d1d4b10a990d17ccf61e902c2dfab637ed2129","src\\app\\modules\\ECommerce\\_redux\\specifications\\specificationsSlice.js":"4eb36d1564c7a9e6c2b22d55f643df5a73ac2986","src\\app\\modules\\ECommerce\\pages\\customers\\CustomersCard.js":"bac4a3fc99dbdfe8eed896598672353395831957","src\\app\\modules\\ECommerce\\pages\\customers\\CustomersPage.js":"fa35a8ab45a528fb1ccc31d0be066b4410ff80bc","src\\app\\modules\\ECommerce\\pages\\customers\\CustomersUIContext.js":"3343ecb35517998bec676248b260d4d1d4205b25","src\\app\\modules\\ECommerce\\pages\\customers\\CustomersUIHelpers.js":"f883458dfc125b6fb85282ce697986633c0172bd","src\\app\\modules\\ECommerce\\pages\\customers\\customer-delete-dialog\\CustomerDeleteDialog.js":"5c5571f26d0b4b49cc9b388c3a288bb2cacbca12","src\\app\\modules\\ECommerce\\pages\\customers\\customer-edit-dialog\\CustomerEditDialog.js":"f31a914ad5209c9c58e10dfd21eb8a8e86b5f770","src\\app\\modules\\ECommerce\\pages\\customers\\customer-edit-dialog\\CustomerEditDialogHeader.js":"93265a311c5610ce8a320dda769295e44411e89b","src\\app\\modules\\ECommerce\\pages\\customers\\customer-edit-dialog\\CustomerEditForm.js":"3b241c0974bf0434ac78b5a35fb4ee0ba9671961","src\\app\\modules\\ECommerce\\pages\\customers\\customers-delete-dialog\\CustomersDeleteDialog.js":"a2a6bd2982a03ad643166ff2ca0b21a7b06102a7","src\\app\\modules\\ECommerce\\pages\\customers\\customers-fetch-dialog\\CustomersFetchDialog.js":"d3c74bb2f466c7ae9a9e1f10ed4e8947fe95272e","src\\app\\modules\\ECommerce\\pages\\customers\\customers-filter\\CustomersFilter.js":"41d619250f954c5dca9af9e3725a812f994c444c","src\\app\\modules\\ECommerce\\pages\\customers\\customers-grouping\\CustomersGrouping.js":"a5e66f3c6e66c67d2bb8d2b6374a01a502ca7169","src\\app\\modules\\ECommerce\\pages\\customers\\customers-loading-dialog\\CustomersLoadingDialog.js":"b8197c6ec77d6c53bd81ab5a44ab8da08c34ab16","src\\app\\modules\\ECommerce\\pages\\customers\\customers-table\\CustomersTable.js":"afa28a744f8aedf87f4674f7423ccf82fb24babc","src\\app\\modules\\ECommerce\\pages\\customers\\customers-table\\column-formatters\\ActionsColumnFormatter.js":"b5a24aa0189ccc15f3c41bbee5647c3fdfae6612","src\\app\\modules\\ECommerce\\pages\\customers\\customers-table\\column-formatters\\StatusColumnFormatter.js":"2d577e9d429fe4fd88ab9d39faf7d33c09439175","src\\app\\modules\\ECommerce\\pages\\customers\\customers-table\\column-formatters\\TypeColumnFormatter.js":"781742305623aa1ca0a31ddeb95a6de16222278d","src\\app\\modules\\ECommerce\\pages\\customers\\customers-table\\column-formatters\\index.js":"bcf1170c522997b1e2c9554f6e5a5b4c5071b4b8","src\\app\\modules\\ECommerce\\pages\\customers\\customers-update-status-dialog\\CustomersUpdateStateDialog.js":"5b000dd076015be1eb678c0882bee51fb3bd403f","src\\app\\modules\\ECommerce\\pages\\eCommercePage.js":"593b77a582380ad8b9e48704cf6e389e91cff3e1","src\\app\\modules\\ECommerce\\pages\\products\\ProductsCard.js":"bef659a00fa3074c349d3102135a8a157db391cc","src\\app\\modules\\ECommerce\\pages\\products\\ProductsPage.js":"ebda9c210e975a455f0fb0fa85381f9f91e0cf4a","src\\app\\modules\\ECommerce\\pages\\products\\ProductsUIContext.js":"c648543819cb16b5c902bb416f21c02554bf9228","src\\app\\modules\\ECommerce\\pages\\products\\ProductsUIHelpers.js":"dff560722375bb844f87bba5451199967c4c9bd9","src\\app\\modules\\ECommerce\\pages\\products\\product-delete-dialog\\ProductDeleteDialog.js":"e4f22bc6af24e0233f967677edddcc6942998e9c","src\\app\\modules\\ECommerce\\pages\\products\\product-edit\\ProductEdit.js":"7d0f4419e7f9abe62a4a4b1471144072be6df31a","src\\app\\modules\\ECommerce\\pages\\products\\product-edit\\ProductEditForm.js":"ea7b6399ecee0e01f8a9d59fd367ec31ffd8e020","src\\app\\modules\\ECommerce\\pages\\products\\product-remarks\\RemarkDeleteDialog.js":"aab1d65ae7668a52e75ad5edaf393243c07c9b14","src\\app\\modules\\ECommerce\\pages\\products\\product-remarks\\Remarks.js":"bd9ee5699173262476a862beeba9609a67746271","src\\app\\modules\\ECommerce\\pages\\products\\product-remarks\\RemarksDeleteDialog.js":"a2654b4dbb74f8078abc8a5f42bd5292b2bcccdf","src\\app\\modules\\ECommerce\\pages\\products\\product-remarks\\RemarksFetchDialog.js":"566f98e387250ead145dde9515c862021b8797c8","src\\app\\modules\\ECommerce\\pages\\products\\product-remarks\\RemarksFilter.js":"e914b990d32bbbf7e2ea74590bff29f29a4b7dc4","src\\app\\modules\\ECommerce\\pages\\products\\product-remarks\\RemarksGrouping.js":"daac66455a6a8d22c97e12772378929b2d56d4e7","src\\app\\modules\\ECommerce\\pages\\products\\product-remarks\\RemarksLoadingDialog.js":"bf9085a5c0b9c89fb443a4c34ee71aaad12e8cb8","src\\app\\modules\\ECommerce\\pages\\products\\product-remarks\\RemarksTable.js":"e206c2c506aaf2c565c93cf7695d99201024ea0b","src\\app\\modules\\ECommerce\\pages\\products\\product-remarks\\RemarksUIContext.js":"1fc7b28669e2da0ad287b8ba84d6f63db1c17d4f","src\\app\\modules\\ECommerce\\pages\\products\\product-remarks\\RemarksUIHelper.js":"defe0ab0eb48a874fcba872a245fd88a496a1eb6","src\\app\\modules\\ECommerce\\pages\\products\\product-remarks\\column-formatters\\ActionsColumnFormatter.js":"b28cd31143c19d518effb1e654894c53686c8f80","src\\app\\modules\\ECommerce\\pages\\products\\product-remarks\\remark-edit-dialog\\RemarkEditDialog.js":"133f7443c9646d05af9b3acef9e173b484d34502","src\\app\\modules\\ECommerce\\pages\\products\\product-remarks\\remark-edit-dialog\\RemarkEditDialogHeader.js":"7786237c100c99221c48073226b397841acc30b5","src\\app\\modules\\ECommerce\\pages\\products\\product-remarks\\remark-edit-dialog\\RemarkEditForm.js":"b32697df56cc5cf1249730be3fce003f9627a233","src\\app\\modules\\ECommerce\\pages\\products\\product-specifications\\SpecificationDeleteDialog.js":"a540a228284266ac0a6c06a7c575660b9cb5c646","src\\app\\modules\\ECommerce\\pages\\products\\product-specifications\\Specifications.js":"8731b6675bea2f2aa13052b2e15ca69014deaf21","src\\app\\modules\\ECommerce\\pages\\products\\product-specifications\\SpecificationsDeleteDialog.js":"67b09118f33d9a67d46f12852dd2ee76c47c4dc4","src\\app\\modules\\ECommerce\\pages\\products\\product-specifications\\SpecificationsFetchDialog.js":"3cc7ee499a32c09f638346d4bb654157af775203","src\\app\\modules\\ECommerce\\pages\\products\\product-specifications\\SpecificationsFilter.js":"115dc6d60b13ee1221c72f28a295c11d78014009","src\\app\\modules\\ECommerce\\pages\\products\\product-specifications\\SpecificationsGrouping.js":"92a6f31b3abf6b523963400fdc31329f4b3c1f94","src\\app\\modules\\ECommerce\\pages\\products\\product-specifications\\SpecificationsLoadingDialog.js":"3e59f67b975d7fdc3cbc6966bf794cb738420372","src\\app\\modules\\ECommerce\\pages\\products\\product-specifications\\SpecificationsTable.js":"879d7c4754026ece2342fa4b5f590b1290aff39b","src\\app\\modules\\ECommerce\\pages\\products\\product-specifications\\SpecificationsUIContext.js":"a0c2b78bbbfaed33b3428011dee03c1ec1cbdcd0","src\\app\\modules\\ECommerce\\pages\\products\\product-specifications\\SpecificationsUIHelper.js":"4185c98eb78c0067ca008472a156cc1568e956b4","src\\app\\modules\\ECommerce\\pages\\products\\product-specifications\\column-formatters\\ActionsColumnFormatter.js":"b10eb7ebadd851439b2551495f465602a147a019","src\\app\\modules\\ECommerce\\pages\\products\\product-specifications\\specification-edit-dialog\\SpecificationEditDialog.js":"30245df32a0cc7f87546164fde92154ad03a165b","src\\app\\modules\\ECommerce\\pages\\products\\product-specifications\\specification-edit-dialog\\SpecificationEditDialogHeader.js":"8d98d3b577e4ae1d84856942a31bab215957424b","src\\app\\modules\\ECommerce\\pages\\products\\product-specifications\\specification-edit-dialog\\SpecificationEditForm.js":"3e75d454eeaa0fb8dc4ca8462e4a1c23303561ba","src\\app\\modules\\ECommerce\\pages\\products\\products-delete-dialog\\ProductsDeleteDialog.js":"b5270ce25846d5bf01cac6d4da4b10cf7f86f361","src\\app\\modules\\ECommerce\\pages\\products\\products-fetch-dialog\\ProductsFetchDialog.js":"6306b8d8b429f5527dbc901df1353ec752ccce9a","src\\app\\modules\\ECommerce\\pages\\products\\products-filter\\ProductsFilter.js":"184c3ec6007e662f461c199f882f1d9bec8d979f","src\\app\\modules\\ECommerce\\pages\\products\\products-grouping\\ProductsGrouping.js":"18936d8813af3ff27ce0a4efc3358c49d011fda7","src\\app\\modules\\ECommerce\\pages\\products\\products-loading-dialog\\ProductsLoadingDialog.js":"ec250505cbf2ca6e5dca0be77ec20462a5cfbf03","src\\app\\modules\\ECommerce\\pages\\products\\products-table\\ProductsTable.js":"3b71b8f041216d66f8df4accf0410815ee644702","src\\app\\modules\\ECommerce\\pages\\products\\products-table\\column-formatters\\ActionsColumnFormatter.js":"b8030203c83eecce4104f6f4575e1700cc8d56fa","src\\app\\modules\\ECommerce\\pages\\products\\products-table\\column-formatters\\ColorColumnFormatter.js":"f38e3c42c24eb7bdd551e5015fa3792c3e1b2735","src\\app\\modules\\ECommerce\\pages\\products\\products-table\\column-formatters\\ConditionColumnFormatter.js":"e7978f9a5c94bb2c197fd047cf46ea21e815b7fc","src\\app\\modules\\ECommerce\\pages\\products\\products-table\\column-formatters\\PriceColumnFormatter.js":"ce486916c99ace983e846532d7dc63e4fcd64fa7","src\\app\\modules\\ECommerce\\pages\\products\\products-table\\column-formatters\\StatusColumnFormatter.js":"4e91115787d8729a7217447e0869b52a46c7e90c","src\\app\\modules\\ECommerce\\pages\\products\\products-table\\column-formatters\\index.js":"e1ef752fcd73a658aec9b7f4158b5e81170b862e","src\\app\\modules\\ECommerce\\pages\\products\\products-update-status-dialog\\ProductsUpdateStatusDialog.js":"64d3787d860e8202cbfe6d13227ae2ed5a830fc1","src\\app\\modules\\ECommerce\\partials\\makeTablePaginationRenderer.js":"c9ca9deabcbb6429d7644fc639d535c97494cba6","src\\app\\modules\\ECommerce\\partials\\sizePerPageRenderer.js":"0b1995c19db6e08b170446cef015b9b8b31b0de8","src\\app\\modules\\ErrorsExamples\\ErrorPage1.js":"b80f9592853445ec013ac5067a5212d1b9d1f5f3","src\\app\\modules\\ErrorsExamples\\ErrorPage2.js":"a25853c35c3890149684d75c24b7c796f9f63008","src\\app\\modules\\ErrorsExamples\\ErrorPage3.js":"111bd58c272745aba49d262fcd1fddb0374c3ff4","src\\app\\modules\\ErrorsExamples\\ErrorPage4.js":"663be2004c346a3727a77d6e8abbac1351754cd2","src\\app\\modules\\ErrorsExamples\\ErrorPage5.js":"94eecdf87fb5a3303c3854c7d4f6e45ed6dee9f6","src\\app\\modules\\ErrorsExamples\\ErrorPage6.js":"2db24bb405c23793f71865768a69bb44a5b686f9","src\\app\\modules\\ErrorsExamples\\ErrorsPage.js":"bcbe2dc559fc6224cc0b37feddb9e57cb113b84e","src\\app\\modules\\GoogleMaterialExamples\\GoogleMaterialPage.js":"c93c84d0fd4b80332aab756f4abbc376754d4df9","src\\app\\modules\\GoogleMaterialExamples\\data-displays\\AvatarsExamplesPage.js":"74104f2ec8f1e54d272d3c95fed59a7bbbfcb260","src\\app\\modules\\GoogleMaterialExamples\\data-displays\\BadgesExamplesPage.js":"961225eb58feae9d666db2830e1117a3bf65e272","src\\app\\modules\\GoogleMaterialExamples\\data-displays\\ChipsExamplesPage.js":"bef1a1b166573ce11c845f6b27d3650661209228","src\\app\\modules\\GoogleMaterialExamples\\data-displays\\DataDisplaysPage.js":"5647cc2be3a35e0df4b51e19e2f5510d7257dba9","src\\app\\modules\\GoogleMaterialExamples\\data-displays\\DividersExamplesPage.js":"2a9dc7774ef674b9d9d36afdc9e9420e6f9e6857","src\\app\\modules\\GoogleMaterialExamples\\data-displays\\IconsExamplesPage.js":"92e1ed5660e76321b3e222da0bd6802aa6955821","src\\app\\modules\\GoogleMaterialExamples\\data-displays\\ListsExamplesPage.js":"d9c30c435eed57778a1f47faa556dfcc28012c21","src\\app\\modules\\GoogleMaterialExamples\\data-displays\\TablesExamplesPage.js":"5031589c9293ea5d08c5e817e1a1078bd47d7bbf","src\\app\\modules\\GoogleMaterialExamples\\data-displays\\TooltipsExamplesPage.js":"e441e97d80f282eea007c95c3d7b070bed2e5b3c","src\\app\\modules\\GoogleMaterialExamples\\data-displays\\TypographyExamplesPage.js":"c44a5339c747b67cb66aa561326f5fc6e7907dac","src\\app\\modules\\GoogleMaterialExamples\\feedback\\DialogsExamplesPage.js":"1aacd164e372293ed73ab51b54a4e2dfbb4565b6","src\\app\\modules\\GoogleMaterialExamples\\feedback\\FeedbacksPage.js":"b6e2638dff57ab640bbc840533dc9afa59a225b5","src\\app\\modules\\GoogleMaterialExamples\\feedback\\ProgressExamplesPage.js":"1febddae3a2fb045f7870d488cc766bc700711ee","src\\app\\modules\\GoogleMaterialExamples\\feedback\\SnackbarsExamplesPage.js":"ae9c1fabb50d70f0af8be698d18078a5b9c2ec78","src\\app\\modules\\GoogleMaterialExamples\\inputs\\AutocompleteExamplesPage.js":"d62da560fd0a170da531320bbc6cc03f08341df1","src\\app\\modules\\GoogleMaterialExamples\\inputs\\ButtonsExamplesPage.js":"8f0383325c5701ac124fb3b125a9add75a76c60a","src\\app\\modules\\GoogleMaterialExamples\\inputs\\CheckboxesExamplesPage.js":"1a40368c90621f76d0ddd93a858f45aa11289203","src\\app\\modules\\GoogleMaterialExamples\\inputs\\InputsPage.js":"5d15be135f84123c3ec53e1a906ce77a92fd13af","src\\app\\modules\\GoogleMaterialExamples\\inputs\\PickersExamplesPage.js":"aea3a3e757cfba96f92330a844d1f573d80950c2","src\\app\\modules\\GoogleMaterialExamples\\inputs\\RadioButtonsExamplesPage.js":"f9ffc1b658a231ce2e54a1a8a64ff4dd21467804","src\\app\\modules\\GoogleMaterialExamples\\inputs\\SelectsExamplesPage.js":"56b13d2caec4b3fc55656cdd32d3734468a75a7a","src\\app\\modules\\GoogleMaterialExamples\\inputs\\SwitchesExamplesPage.js":"6fb85b9ac33cce15b8876d48e47b7bcb98cfd554","src\\app\\modules\\GoogleMaterialExamples\\inputs\\TextFieldsExamplesPage.js":"7be3f419d01cad2c9e9d67e3765ce18d5b33183e","src\\app\\modules\\GoogleMaterialExamples\\inputs\\TransferListExamplesPage.js":"c4d788844f3507e2a5dcc3e12fda3180b9ee7ee2","src\\app\\modules\\GoogleMaterialExamples\\labs\\LabsPage.js":"51c0bad958477b425bd7dded3f9cc4d748ea9aaa","src\\app\\modules\\GoogleMaterialExamples\\labs\\SliderExamplesPage.js":"257dd0ba8014a33b7ee2d928665121b85990f5eb","src\\app\\modules\\GoogleMaterialExamples\\labs\\SpeedDialExamplesPage.js":"e537b6707b9aaecf68f79117534301527b85853a","src\\app\\modules\\GoogleMaterialExamples\\labs\\ToggleButtonExamplesPage.js":"05de69e8cbd0a47f93fbcec1ecb0ba71447b0917","src\\app\\modules\\GoogleMaterialExamples\\layout\\BoxExamplesPage.js":"7118a52819c350c66a5f57f6937383aa276294e4","src\\app\\modules\\GoogleMaterialExamples\\layout\\ContainerExamplesPage.js":"caed9f6370e15fe27105f17b193b168b1cb74ad3","src\\app\\modules\\GoogleMaterialExamples\\layout\\GridExamplesPage.js":"94e3e9c5bf836c5d9b99cacfcf4dac9b6544be42","src\\app\\modules\\GoogleMaterialExamples\\layout\\GridListExamplesPage.js":"2bee8aa843c6c63c20209057eab30f33f6bc0de9","src\\app\\modules\\GoogleMaterialExamples\\layout\\HiddenExamplesPage.js":"be6503e171b17cea3f86638310f9527cbf5d7675","src\\app\\modules\\GoogleMaterialExamples\\layout\\LayoutPage.js":"1fbf48185eb576735c1f0aecd6e9f66c66e9b42e","src\\app\\modules\\GoogleMaterialExamples\\navigation\\BottomNavigationExamplesPage.js":"ffe39e762a00ba53d7dab9ca06a2e56502d3a93f","src\\app\\modules\\GoogleMaterialExamples\\navigation\\BreadcrumbsExamplesPage.js":"5631879eda1e7b773ac0ba66e3cd09cc6762d06b","src\\app\\modules\\GoogleMaterialExamples\\navigation\\DrawerExamplesPage.js":"e84e49abed1b0817d997625a96300936a662d4ca","src\\app\\modules\\GoogleMaterialExamples\\navigation\\LinksExamplesPage.js":"b8b6c7ca581c91607d397fba3ee66bbd75c5937f","src\\app\\modules\\GoogleMaterialExamples\\navigation\\MenusExamplesPage.js":"585b7a6f8e89794f7eefc2b86e127ab342ea9600","src\\app\\modules\\GoogleMaterialExamples\\navigation\\NavigationPage.js":"5561a3a92e3be1fa6eacaf964ed386648f7ea13f","src\\app\\modules\\GoogleMaterialExamples\\navigation\\SteppersExamplesPage.js":"08b10a0c6b2be53cdef10848548a799de1039d0e","src\\app\\modules\\GoogleMaterialExamples\\navigation\\TabsExamplesPage.js":"360256a1d021cc7fcb9428d4e67c471db60d0613","src\\app\\modules\\GoogleMaterialExamples\\surfaces\\AppBarExamplesPage.js":"919dbf11dd4cd63e69818e96e8503f051df02e53","src\\app\\modules\\GoogleMaterialExamples\\surfaces\\CardsExamplesPage.js":"ef366d146f333127fccbc96d987829e5e32e742d","src\\app\\modules\\GoogleMaterialExamples\\surfaces\\ExpansionPanelsExamplesPage.js":"6fdf24d3b24ff26000fe137ffb5adba94b81c050","src\\app\\modules\\GoogleMaterialExamples\\surfaces\\PaperExamplesPage.js":"bb62df34191759f4a38e53818f1b085a13b1c9d5","src\\app\\modules\\GoogleMaterialExamples\\surfaces\\SurfacesPage.js":"5ae0e3507fbd1a9f5aa033b1b1770f2f663dcf3d","src\\app\\modules\\GoogleMaterialExamples\\utils\\ClickAwayListenerExamplesPage.js":"58b8985ae714da65e39c4eb43fd270c9ff32a35d","src\\app\\modules\\GoogleMaterialExamples\\utils\\ModalExamplesPage.js":"31f27deee7b1b315dbc998cec054775582e23b3b","src\\app\\modules\\GoogleMaterialExamples\\utils\\NoSSRExamplesPage.js":"c911fa4fc0a98716263399f7d85626c5b0547bf2","src\\app\\modules\\GoogleMaterialExamples\\utils\\PopoverExamplesPage.js":"307dec4eca9b11868ac254fcc21ce224b9689613","src\\app\\modules\\GoogleMaterialExamples\\utils\\PopperExamplesPage.js":"f9f8afc97b7c39d8f9591b1514547c09ad54ab99","src\\app\\modules\\GoogleMaterialExamples\\utils\\PortalExamplesPage.js":"9edc9d62d0d6e66cf46f406e7647f314b9f87b6b","src\\app\\modules\\GoogleMaterialExamples\\utils\\TransitionsExamplesPage.js":"3463977c849c1902a6806fb38e1162abc5ca6ffa","src\\app\\modules\\GoogleMaterialExamples\\utils\\UseMediaQueryExamplesPage.js":"9ac6f79f1855a12ac061f3be2076f7594a272c76","src\\app\\modules\\GoogleMaterialExamples\\utils\\UtilsPage.js":"696c07498dbdcef4577fbda63109f6da0f4e0b41","src\\app\\modules\\ReactBootstrapExamples\\AccordionExamplesPage.js":"69855af2ea509c6e02a8dc758c12ac94a7a9849c","src\\app\\modules\\ReactBootstrapExamples\\AlertExamplesPage.js":"20542759484c02db19cf69241e4bd61de47ed8b7","src\\app\\modules\\ReactBootstrapExamples\\BadgeExamplesPage.js":"c7976dbd86d16a29d60a8a755d6653ce49d99096","src\\app\\modules\\ReactBootstrapExamples\\BreadcrumbExamplesPage.js":"c13748c9cd86df31b6d966c6d1a7b405e49cbacc","src\\app\\modules\\ReactBootstrapExamples\\ButtonGroupExamplesPage.js":"aeafe1b4b285fff9b6287d246a05867d9b5c65ac","src\\app\\modules\\ReactBootstrapExamples\\ButtonsExamplesPage.js":"89fc9a98037f07ec90cc38aad596a34350628208","src\\app\\modules\\ReactBootstrapExamples\\CardsExamplesPage.js":"b1c03de4bc9f6fa84944991b303b131abff06f70","src\\app\\modules\\ReactBootstrapExamples\\CarouselExamplesPage.js":"4b974383bd08d045aac42b342658273c9850c00c","src\\app\\modules\\ReactBootstrapExamples\\DropdownsExamplesPage.js":"6a3c6dacb25031ec74aa3631d670008d7a7fa1d1","src\\app\\modules\\ReactBootstrapExamples\\FiguresExamplesPage.js":"68906affe68701e1c8d145acf19e09a730b75fc8","src\\app\\modules\\ReactBootstrapExamples\\FormsExamplesPage.js":"8b222749f393a4e34a6a37fe2f22a457b1e04cac","src\\app\\modules\\ReactBootstrapExamples\\ImagesExamplesPage.js":"5c3d0fe825134235cf42de0ca45bec0fba9bb98d","src\\app\\modules\\ReactBootstrapExamples\\InputGroupExamplesPage.js":"1791e9092d06e1afdfb3c66a1524ebdf3d56c4cb","src\\app\\modules\\ReactBootstrapExamples\\JumbotronExamplesPage.js":"bbf07ca5cd7979cb37514a67178a2e65a21b9db8","src\\app\\modules\\ReactBootstrapExamples\\ListGroupExamplesPage.js":"804d20667532ea5c80416cd804c1051b7607dada","src\\app\\modules\\ReactBootstrapExamples\\ModalExamplesPage.js":"d678fbc8d34b1e221a5a3a6440d13e250de2aa17","src\\app\\modules\\ReactBootstrapExamples\\NavbarExamplesPage.js":"6e89d5fbcf3dffe4a37b2fd5a8b52807b11ce53d","src\\app\\modules\\ReactBootstrapExamples\\NavsExamplesPage.js":"f63e2daf24baa194a858643a06acb40347bf148a","src\\app\\modules\\ReactBootstrapExamples\\OverlaysExamplesPage.js":"83b38a6a0f885f1e17a3ccae07dc4ee3cf2f1c1c","src\\app\\modules\\ReactBootstrapExamples\\PaginationExamplesPage.js":"f80defa51eae39d3b6dabe4f6271a1f3894cac04","src\\app\\modules\\ReactBootstrapExamples\\PopoversExamplesPage.js":"5c678059f89e4c4fdd29af609f9ee631fb65eced","src\\app\\modules\\ReactBootstrapExamples\\ProgressExamplesPage.js":"4220010fdaa5226e3d81d9060fcd996092f21de5","src\\app\\modules\\ReactBootstrapExamples\\ReactBootstrapPage.js":"3fe82a9723232f0ba3a42f89dee416cc35df3a8a","src\\app\\modules\\ReactBootstrapExamples\\SpinnersExamplesPage.js":"8b8c0561aebc171fdae693a359db75d7eec5c673","src\\app\\modules\\ReactBootstrapExamples\\TableExamplesPage.js":"410ebdb09530833ee9c4cc7a11f00b098050d99d","src\\app\\modules\\ReactBootstrapExamples\\TabsExamplesPage.js":"4e052e3256788a9227c30c4dca19cfe5940947ef","src\\app\\modules\\ReactBootstrapExamples\\ToastsExamplesPage.js":"759897630315b41ce3647ae237cd7fb58e08a981","src\\app\\modules\\ReactBootstrapExamples\\TooltipsExamplesPage.js":"6c4903e90b5a9acd52b1bb381831aada16816d29","src\\app\\pages\\BuilderPage.js":"153e040c0134d674a9cde342df0d6f592ed98840","src\\app\\pages\\DashboardPage.js":"11673cd9b38674b1b6630d90f4d97a2e479867aa","src\\app\\pages\\MyPage.js":"9648104af4c10e17b4e18ef47d7d28198dba57be","src\\index.js":"a6cd77126728fa9c69e98911076c81af54aafe27","src\\index.scss":"f0709ab8d47fad12bd92234937124ac5219dd290","src\\redux\\__mocks__\\mockAxios.js":"01cd4ab6b62f28fa64261aaa6b1f9a94f858b2ff","src\\redux\\index.js":"41c686ed8551427bea1e766c1254d2889fb28850","src\\redux\\rootReducer.js":"f87915d5aa5f52cd2f9ae35d2f3033623a029d34","src\\redux\\setupAxios.js":"198acab0234a42e34bd6e918df13d56b18e82ece","src\\redux\\store.js":"baee81fd1e53f9a42e0c91c9a9baa574bbeb12e3","webpack.config.js":"8e5bbffa141a80ac0d549396c661cd9487e12da9"},"deps":{}}